serialNoValue;transceiverType;softwareVersion;antennaVersion;satelliteNumber;dnidNumber;memberIdnumber;installedByName;expectedFrequencyHours;expectedFrequencyMinutes;gracePeriodFrequencyHours;gracePeriodFrequencyMinutes;inPortFrequencyHours;inPortFrequencyMinutes;Status(Inactive=0,Active=1);landStation;deltaStart(Hours);deltaStop(Hours);installedByName;installationDate;uninstallationDate;MobileTerminalPosition;ChannelPosition
7TT0123BCF01;Sailor 1001M MiniC;A1;A2;434574671;23101;201;Mike Andersson;5;30;6;45;7;10;1;Thrane&Thrane;0;0;Mike Andersson;0;0;0;0
566668888002;Sailor 2000M MiniC;BB;CC;964563402;34502;102;Greger Kurt;4;0;6;5;7;30;1;Thrane&Thrane;0;0;Greger Kurt;0;0;0;0
3AA045239693;Sailor 2000M MiniC;BB;CC;624676773;56703;333;Mike Slow;3;55;4;50;2;30;0;Thrane&Thrane;0;0;Mike Slow;0;0;0;0
BHFTR00ZZ234;Sailor 5555M MiniC;A1;A1;134566754;89004;333;Jack Brown;0;55;0;50;0;30;1;Thrane&Thrane;0;0;Jack Brown;0;0;0;0
992342345605;Sailor 6005M MiniC;D1;D1;993452345;91205;888;Tim Black;18;25;7;0;3;30;0;Thrane&Thrane;0;0;Tim Black;0;0;0;0
YYYG0J00A006;Sailor 6006M MiniC;D1;A;412523456;82336;432;Jill Mark;0;30;0;45;0;30;0;Thrane&Thrane;0;0;Jill Mark;0;0;0;0
2345ABCDEFG7;Sailor 2111M MiniC;A;C;232000127;56327;101;Mike Slow;0;55;2;50;23;30;0;Thrane&Thrane;0;0;Mike Slow;0;0;0;0
782360056508;Sailor 1111M MiniC;D1;D1;100001278;93448;500;Kim White;0;0;7;10;0;15;0;Thrane&Thrane;0;0;Kim White;0;0;0;0
103434PPZ119;Sailor 7757M MiniC;AAA1;BBB1;123425979;42559;501;Ann Smartson;0;5;0;5;0;5;0;Thrane&Thrane;0;0;Ann Smartson;0;0;0;0
6ADD02340010;Sailor 9999M MiniC;AAA1;BBB1;999923310;44320;510;Ann Smartson;3;45;2;35;1;25;0;Thrane&Thrane;0;0;Ann Smartson;0;0;0;0